properties.level,properties.speed,properties.day_of_week,properties.weekday_weekend,X,Y,MaxInjuryS,LightCondi,Commercial,NumberOfFa,NumberOfIn,NumberOfOt,NumberOfSe,NumberOfVe,Intersecti,interstate_is_odd,year,day_sin,day_cos,month_sin,month_cos,hour_sin,hour_cos,minute_sin,minute_cos,curve,grade,WET,DRY,UNKNOWN,FLOODED WATER,SNOW/ICE,SLUSH,two_way,divided,protected_medium,CLOUDY,CLEAR,RAIN,SLEET/HAIL/FREEZING RAIN,SNOW,CollisionT,CrashType,TrafficCon,CountyName,CityTownNa,properties.delay,properties.length,Predicted Delay,Predicted Length
1.0,40.35191211111111,4,0,-73.7150084981891,42.68919083233,1,0,0,0,1,1,0,2,0,1,2022,-0.9377521321470804,0.3473052528448203,0.8660254037844386,0.5000000000000001,-0.6310879443260528,-0.7757112907044198,0.2113826236296243,0.9774033898178668,0,0,0,0,0,0,1,0,0,0,0,0,0,0,0,1,overtaking,collision with motor vehicle,none,albany,menands,1.1833333333333331,2.346296896,1.0532999999999972,2.039516712735028
1.0,39.991516222222224,4,0,-73.7824848038416,42.6153959651214,0,0,0,0,0,0,0,1,0,1,2022,-0.9377521321470804,0.3473052528448203,0.8660254037844386,0.5000000000000001,-0.3984010898462415,-0.9172113015054528,0.1062934856473654,0.9943348002101372,0,0,1,0,0,0,0,0,0,0,0,0,0,0,0,1,other,collision with guide rail,none,albany,bethlehem,1.9166666666666667,3.767993744,1.4787500000000031,2.8326688325399836
1.0,45.72678183333333,4,0,-75.9676254791933,42.3196910523722,0,0,0,0,0,0,0,1,0,1,2022,-0.9377521321470804,0.3473052528448203,0.8660254037844386,0.5000000000000001,0.8169698930104421,-0.5766803221148671,-0.7164567402983151,-0.6976315211349847,0,0,0,0,0,0,0,1,0,0,0,0,0,0,1,0,other,collision with snow embankment,none,broome,barker,2.15,4.8292954120000005,1.9003500000000217,4.136546282488069
2.0,39.91695155555556,0,0,-73.6983399288311,42.7326125851654,0,3,0,0,0,0,0,1,0,1,2022,-0.2993631229733582,-0.9541392564000488,0.4999999999999999,0.8660254037844387,0.9790840876823228,0.2034560130526337,-0.4132121857683782,0.9106347728549132,0,0,0,0,0,0,1,0,0,0,0,0,0,0,0,1,other,collision with other,none,albany,watervliet,1.0666666666666669,1.903259373,1.123116666666668,1.9597245985120415
1.0,42.25331111111112,5,1,-76.0422069006089,42.4571389296367,0,0,0,0,0,0,0,1,0,1,2022,0.6513724827222223,-0.758758122692791,1.0,6.123233995736766e-17,0.8169698930104421,-0.5766803221148671,-0.8183027759081689,0.574787410214407,0,0,0,0,0,0,1,0,0,0,0,0,0,0,0,1,other,collision with earth element rock cut ditch,none,cortland,marathon,2.066666666666667,3.722633661,1.2606333333333297,2.3490551618690074
1.0,37.5246685,4,0,-77.7223446887297,43.1311001553201,0,2,0,0,0,0,0,1,1,0,2022,0.72479278722912,0.6889669190756866,0.8660254037844386,0.5000000000000001,0.5195839500354336,0.8544194045464886,0.0,1.0,0,0,0,0,0,0,1,0,0,0,0,0,0,0,0,1,other,collision with guiderail end,none,monroe,gates,1.35,2.158021483,1.2474499999999815,2.018714454397021
1.0,35.126171722222225,1,0,-73.7744994755473,42.7467605613153,0,0,0,0,0,0,0,1,0,1,2022,-0.651372482722222,-0.7587581226927911,0.8660254037844387,-0.4999999999999998,0.9422609221188204,-0.3348796121709861,-0.9996456111234524,-0.0266205214377751,0,0,1,0,0,0,0,0,0,0,0,0,0,1,0,0,other,collision with guide rail,none,albany,colonie,1.0833333333333333,1.376958136,1.1995833333333248,1.8071643478499744
1.0,45.56522505555556,4,0,-73.8673067093488,41.524989509963,0,0,0,0,0,0,0,1,0,0,2022,-0.9377521321470804,0.3473052528448203,0.8660254037844386,0.5000000000000001,0.631087944326053,-0.7757112907044197,-2.4492935982947064e-16,1.0,0,0,0,0,0,0,1,0,0,0,0,0,0,0,1,0,other,collision with earth element rock cut ditch,none,dutchess,fishkill,2.7666666666666666,6.745603576,2.8732666666666686,6.495105935173031
1.0,42.83118727777779,0,0,-73.9405054075377,41.5301111270104,0,3,0,0,0,0,0,1,0,0,2022,-0.2993631229733582,-0.9541392564000488,0.4999999999999999,0.8660254037844387,0.9976687691905392,-0.0682424133646708,0.0,1.0,0,0,0,0,0,0,1,0,0,0,0,0,0,0,1,0,other,collision with guide rail,none,dutchess,fishkill,1.0,1.997707765,2.8735166666666534,4.557286528524024
1.0,40.929788277777774,4,0,-75.9676254791933,42.3196910523722,0,0,0,0,0,0,0,1,0,1,2022,-0.9377521321470804,0.3473052528448203,0.8660254037844386,0.5000000000000001,0.8169698930104421,-0.5766803221148671,-0.7164567402983151,-0.6976315211349847,0,0,0,0,0,0,0,1,0,0,0,0,0,0,1,0,other,collision with snow embankment,none,broome,barker,1.1,1.83925816,2.319199999999998,3.765126738206069
1.0,35.430644111111114,1,0,-78.8552150666622,42.9986685959644,0,2,1,0,0,0,0,3,0,0,2022,0.7907757369376989,-0.6121059825476626,0.4999999999999999,0.8660254037844387,0.9976687691905392,-0.0682424133646708,0.7865515558026426,-0.6175246149461918,0,0,0,0,0,0,1,0,0,0,0,1,0,0,0,0,other,collision with motor vehicle,none,erie,tonawanda,1.6166666666666667,2.259926327,1.6199666666666581,2.6191005129850047
1.0,38.22060538888889,1,0,-76.0644864256208,42.4852139478302,0,1,0,0,0,0,0,1,0,1,2022,-0.4853019625310808,-0.8743466161445822,0.4999999999999999,0.8660254037844387,0.9422609221188204,-0.3348796121709861,0.5963673585385013,0.8027116379309637,0,0,0,0,0,0,1,0,0,0,0,0,0,0,0,1,other,collision with guide rail,none,cortland,virgil,1.9666666666666663,3.615757849,2.01423333333333,3.50754236112399
1.0,42.5577835,4,0,-73.7737403366494,42.7475275723849,0,0,0,0,0,0,0,1,0,1,2022,0.72479278722912,0.6889669190756866,0.8660254037844386,0.5000000000000001,0.3984010898462414,-0.917211301505453,0.9996456111234526,-0.0266205214377746,0,0,0,0,0,0,1,0,0,0,0,0,0,0,0,1,other,collision with guide rail,none,albany,colonie,1.0833333333333333,2.314606975,1.7956333333333179,3.541656871765983
1.0,37.07106677777778,4,0,-77.7223446887297,43.1311001553201,0,2,0,0,0,0,0,1,1,0,2022,0.72479278722912,0.6889669190756866,0.8660254037844386,0.5000000000000001,0.5195839500354336,0.8544194045464886,0.0,1.0,0,0,0,0,0,0,1,0,0,0,0,0,0,0,0,1,other,collision with guiderail end,none,monroe,gates,1.4333333333333331,2.233207374,1.4424833333333174,2.1905912653359763
1.0,45.94426211111112,5,1,-76.0472673169303,42.4674803237331,0,0,0,0,0,0,0,1,0,1,2022,0.9987165071710528,-0.0506491688387126,0.4999999999999999,0.8660254037844387,0.9422609221188204,-0.3348796121709861,0.1062934856473654,0.9943348002101372,0,0,0,0,0,0,1,0,0,0,0,1,0,0,0,0,other,collision with earth element rock cut ditch,none,cortland,marathon,1.3833333333333333,3.147244115,1.5589833333333443,3.3038805594219522
2.0,34.74713466666667,6,1,-76.0866348935073,42.5307264214489,0,0,0,0,0,0,0,1,0,1,2022,0.9680771188662044,-0.2506525322587204,0.4999999999999999,0.8660254037844387,0.3984010898462414,-0.917211301505453,0.7525707698561385,0.6585113790650386,0,0,0,0,0,0,1,0,0,0,0,0,0,0,1,0,other,collision with earth element rock cut ditch,none,cortland,virgil,3.7,4.301751433,4.454399999999996,4.171650015761969
1.0,40.35191211111111,4,0,-73.742382142682,42.6699295373661,0,0,0,0,0,0,0,1,0,1,2022,-0.9377521321470804,0.3473052528448203,0.8660254037844386,0.5000000000000001,-0.6310879443260528,-0.7757112907044198,0.7865515558026426,-0.6175246149461918,0,0,0,0,0,0,1,0,0,0,0,0,0,0,0,1,other,collision with guide rail,none,albany,albany,1.1833333333333331,2.346296896,1.1936000000000009,2.3350127986399833
2.0,36.636106222222224,5,1,-73.6993045595562,42.737468252909,0,0,0,0,0,0,0,1,0,1,2022,-0.3943558551133187,0.9189578116202306,0.4999999999999999,0.8660254037844387,-0.6310879443260528,-0.7757112907044198,-0.8477344278896709,-0.5304209081197426,0,0,0,0,0,0,0,1,0,0,0,1,0,0,0,0,other,collision with other barrier,none,albany,colonie,1.3333333333333333,1.903259373,1.6649833333333277,1.9688307905170312
2.0,26.675509500000004,1,0,-76.1428153798264,43.0484870782882,0,0,0,0,0,0,0,1,1,1,2022,0.6513724827222223,-0.758758122692791,0.8660254037844387,-0.4999999999999998,0.8169698930104421,-0.5766803221148671,0.6783118362696161,0.7347741508630673,0,0,1,0,0,0,0,0,0,0,0,1,0,0,0,0,other,collision with guide rail,none,onondaga,syracuse,1.1833333333333331,0.95691134,1.8725833333333395,1.8512872811890033
1.0,35.952596777777785,4,0,-73.7150084981891,42.68919083233,1,0,0,0,1,1,0,2,0,1,2022,-0.9377521321470804,0.3473052528448203,0.8660254037844386,0.5000000000000001,-0.6310879443260528,-0.7757112907044198,0.2113826236296243,0.9774033898178668,0,0,0,0,0,0,1,0,0,0,0,0,0,0,0,1,overtaking,collision with motor vehicle,none,albany,menands,1.0333333333333334,1.43536701,1.2552499999999946,1.8136750731879947
1.0,45.167546833333326,6,1,-76.0732394239618,42.4997753706439,0,0,0,0,0,0,0,1,0,1,2022,0.9680771188662044,-0.2506525322587204,0.4999999999999999,0.8660254037844387,-0.3984010898462415,-0.9172113015054528,-0.8477344278896709,-0.5304209081197426,1,1,0,0,0,0,1,0,0,0,0,0,0,0,1,0,other,collision with guide rail,none,cortland,virgil,2.1,4.29367361,2.317583333333328,4.331824546657987
4.0,2.957731777777778,4,0,-73.9319582186732,40.832358160156,2,0,1,0,2,2,0,2,0,1,2022,0.8486442574947509,0.5289640103269624,-0.8660254037844385,-0.5000000000000004,0.8169698930104421,-0.5766803221148671,0.7865515558026426,-0.6175246149461918,0,0,0,1,0,0,0,0,1,1,1,0,1,0,0,0,overtaking,collision with motor vehicle,none,bronx,bronx,2.1666666666666665,0.116817748,1.9545333333333024,0.13533398242900108
1.0,34.92733261111111,4,0,-78.890340932578,42.8907511650891,0,0,0,0,0,0,0,1,0,0,2022,-0.4853019625310808,-0.8743466161445822,0.8660254037844386,0.5000000000000001,0.9422609221188204,-0.3348796121709861,0.7164567402983153,-0.6976315211349846,0,0,0,0,0,0,1,0,0,0,0,0,0,0,0,1,other,collision with other barrier,none,erie,buffalo,1.8166666666666669,2.268625521,1.9377166666666805,3.053931589187989
1.0,40.51968261111111,0,0,-76.1638357448691,43.0664220557283,0,1,0,0,0,0,0,2,1,1,2022,-0.5712682150947924,0.8207634412072763,1.0,6.123233995736766e-17,0.9976687691905392,-0.0682424133646708,-0.4610925014493259,-0.8873520750565715,0,0,0,0,0,0,1,0,0,0,0,0,0,0,0,1,overtaking,collision with motor vehicle,none,onondaga,syracuse,1.0833333333333333,2.622806991,1.3937166666666763,2.5133419260429886
1.0,41.84320544444446,5,1,-76.1519085888192,43.0537413027933,1,2,0,0,2,2,0,2,1,0,2022,0.9987165071710528,-0.0506491688387126,0.4999999999999999,0.8660254037844387,0.2697967711570243,0.9629172873477994,-0.7164567402983151,-0.6976315211349847,0,0,0,0,0,0,1,0,0,0,0,0,1,0,0,0,overtaking,collision with motor vehicle,none,onondaga,syracuse,1.1333333333333333,2.529601341,1.1957333333333227,2.605368213884999
1.0,45.167546833333326,5,1,-76.1361091889575,42.5935112039708,0,0,0,0,0,0,0,1,0,1,2022,0.6513724827222223,-0.758758122692791,1.0,6.123233995736766e-17,-0.1361666490962464,-0.9906859460363308,0.2113826236296243,0.9774033898178668,0,0,0,0,0,0,1,0,0,0,0,0,0,0,0,1,other,collision with guide rail,none,cortland,cortlandville,2.583333333333333,5.688030134,1.8653666666666533,3.5063897179190264
1.0,41.63193888888889,5,1,-73.8305719908698,42.6940702352808,0,0,0,0,0,0,0,1,0,0,2022,0.6513724827222223,-0.758758122692791,1.0,6.123233995736766e-17,-0.9422609221188204,-0.3348796121709864,0.7164567402983153,-0.6976315211349846,0,0,0,0,0,0,1,0,0,0,0,0,0,0,0,1,other,collision with other barrier,none,albany,albany,2.6,5.810440221,1.3304666666666618,2.537346109144025
1.0,35.79104,1,0,-76.1409366318706,43.0287394909984,0,2,0,0,0,0,0,1,1,1,2022,0.7907757369376989,-0.6121059825476626,0.4999999999999999,0.8660254037844387,0.9790840876823228,0.2034560130526337,-0.8477344278896709,-0.5304209081197426,0,0,0,0,0,0,1,0,0,0,0,0,0,0,0,1,other,collision with guide rail,none,onondaga,syracuse,1.0,1.62177831,1.327499999999996,2.12006627820702
1.0,35.3995755,1,0,-76.1760038787777,42.6268948909238,0,0,0,0,0,0,0,2,0,1,2022,-0.651372482722222,-0.7587581226927911,0.8660254037844387,-0.4999999999999998,0.9976687691905392,-0.0682424133646708,-0.5528000653611931,-0.8333139190825152,1,0,0,0,0,0,1,0,0,0,0,0,0,0,0,1,rear end,collision with motor vehicle,none,cortland,cortlandville,1.0,1.260761759,1.2842499999999948,1.6047682788749849
1.0,32.09387527777778,3,0,-73.8208399635478,40.8855069987911,0,0,0,0,0,0,0,2,0,1,2021,0.3943558551133185,0.9189578116202306,-1.0,-1.8369701987210294e-16,0.0,1.0,0.0,1.0,0,0,0,0,0,1,0,0,0,0,0,0,1,0,0,0,overtaking,collision with motor vehicle,other,bronx,bronx,0.9666666666666668,1.185575868,1.6813333333333327,2.693711014439019
1.0,38.53129150000001,1,0,-73.7669214226981,42.8163011708521,0,0,0,0,0,0,0,2,1,1,2022,-0.651372482722222,-0.7587581226927911,0.8660254037844387,-0.4999999999999998,0.9422609221188204,-0.3348796121709861,0.6382441836448203,-0.769833983429906,0,0,0,0,0,0,0,1,0,0,0,0,0,0,0,1,overtaking,collision with motor vehicle,none,saratoga,halfmoon,2.4,3.3609957390000003,1.1644166666666655,1.725211726660013
4.0,11.5761645,0,0,-77.4852985180517,43.0789098572992,0,0,0,0,0,0,0,2,1,0,2021,-0.968077118866204,-0.2506525322587213,-0.5000000000000004,0.8660254037844384,-0.816969893010442,-0.5766803221148672,0.847734427889671,-0.5304209081197424,0,0,0,1,0,0,0,0,0,0,0,1,0,0,0,0,rear end,collision with motor vehicle,none,monroe,perinton,5.766666666666667,1.355831522,4.915600000000014,1.3446555431940133
1.0,41.96126616666667,4,0,-78.7603909274965,42.9509733079621,1,3,0,0,1,1,0,1,0,0,2022,-0.4853019625310808,-0.8743466161445822,0.8660254037844386,0.5000000000000001,0.9790840876823228,0.2034560130526337,-0.63824418364482,-0.7698339834299063,1,0,0,0,0,0,1,0,0,0,0,0,0,0,0,1,other,collision with earth element rock cut ditch,none,erie,amherst,1.1,2.418375932,1.9642166666666612,4.26953831761797
1.0,40.600461,3,0,-77.4702020494534,43.0540400512319,0,2,0,0,0,0,0,1,1,0,2021,-0.9987165071710528,-0.0506491688387135,-2.4492935982947064e-16,1.0,0.0,1.0,-0.9911528310040072,-0.1327255272837223,0,0,0,0,0,0,1,0,0,0,0,0,0,0,0,1,other,collision with guide rail,none,monroe,perinton,1.0833333333333333,1.984658974,1.7657166666666657,2.9077969360370086
1.0,45.453378055555554,4,0,-73.7619140076569,42.7655740766339,0,0,0,0,0,0,0,1,0,1,2022,0.72479278722912,0.6889669190756866,0.8660254037844386,0.5000000000000001,0.8169698930104421,-0.5766803221148671,-0.4610925014493259,-0.8873520750565715,0,0,0,0,0,0,1,0,0,0,0,0,0,0,1,0,other,collision with earth element rock cut ditch,none,albany,colonie,1.6166666666666667,4.043261097,1.5968500000000099,3.6497605128620196
1.0,43.88752005555556,0,0,-73.7170501455701,42.6876987963014,0,0,0,0,0,0,0,1,0,1,2022,-0.2993631229733582,-0.9541392564000488,0.4999999999999999,0.8660254037844387,0.8169698930104421,-0.5766803221148671,0.5076658003388399,0.8615540813938061,0,0,0,0,0,0,1,0,0,0,0,1,0,0,0,0,other,collision with guide rail,none,albany,menands,1.0333333333333334,2.400977544,1.355283333333327,2.565151218651993
1.0,46.57184805555556,5,1,-75.9821163669396,42.3460793348047,0,0,0,0,0,0,0,1,0,1,2022,0.6513724827222223,-0.758758122692791,1.0,6.123233995736766e-17,-0.816969893010442,-0.5766803221148672,0.0532221748421787,-0.998582695676762,1,0,0,0,0,0,1,0,0,0,0,0,0,0,0,1,other,collision with guide rail,none,broome,triangle,2.033333333333333,4.8292954120000005,1.9309333333333054,4.099917083409066
1.0,35.231805,0,0,-73.7392416165895,42.6592162743822,0,3,0,0,0,0,0,1,0,1,2022,-0.2993631229733582,-0.9541392564000488,0.4999999999999999,0.8660254037844387,0.9976687691905392,-0.0682424133646708,0.97142989326471,-0.2373266998711148,0,0,0,0,0,0,1,0,0,0,0,0,0,0,0,1,other,collision with guide rail,none,albany,albany,2.583333333333333,3.674788094,2.037133333333365,2.858153742733977
2.0,25.476261111111118,1,0,-73.6489020912043,40.784802110646,0,0,0,0,0,0,0,2,1,1,2021,0.1011683219874327,-0.994869323391895,1.2246467991473532e-16,-1.0,-0.9976687691905392,-0.0682424133646704,-0.9968120070307502,0.0797861055530826,0,0,0,1,0,0,0,0,0,0,0,0,1,0,0,0,rear end,collision with motor vehicle,none,nassau,north hempstead,1.2,0.858734722,1.9297666666666646,1.1693804542560058
4.0,8.686783666666667,3,0,-73.9875884944715,41.518553329173,0,0,0,0,0,0,0,2,0,0,2021,0.8486442574947509,0.5289640103269624,-0.8660254037844385,-0.5000000000000004,-0.6310879443260528,-0.7757112907044198,-0.678311836269616,0.7347741508630673,0,0,0,1,0,0,0,0,0,0,0,0,1,0,0,0,rear end,collision with motor vehicle,highway work area,dutchess,fishkill,24.816666666666663,4.156350619,15.378366666666567,2.587487020617995
2.0,27.30930916666667,6,1,-73.7968914745227,40.8975841941047,0,2,0,0,0,0,0,1,1,1,2021,-0.9377521321470804,0.3473052528448203,-0.4999999999999997,-0.8660254037844388,-0.5195839500354336,0.8544194045464886,-0.3641605752528223,-0.9313361774523384,0,0,0,1,0,0,0,0,0,0,0,0,1,0,0,0,other,collision with guide rail,none,westchester,new rochelle,1.15,0.922114564,2.3322166666666693,1.4888720240679953
1.0,37.84778205555556,0,0,-73.9405054075377,41.5301111270104,0,3,0,0,0,0,0,1,0,0,2022,-0.2993631229733582,-0.9541392564000488,0.4999999999999999,0.8660254037844387,0.9976687691905392,-0.0682424133646708,0.0,1.0,0,0,0,0,0,0,1,0,0,0,0,0,0,0,1,0,other,collision with guide rail,none,dutchess,fishkill,2.25,3.356024771,3.506733333333302,5.229781448920034
1.0,37.36932544444445,0,0,-73.6929204167782,41.5227729275796,0,3,0,0,0,0,0,1,0,0,2022,-0.2993631229733582,-0.9541392564000488,0.4999999999999999,0.8660254037844387,0.2697967711570243,0.9629172873477994,-0.5076658003388407,0.8615540813938056,0,0,0,0,0,0,1,0,0,0,0,0,0,0,0,1,other,collision with guide rail,none,dutchess,east fishkill,7.45,10.295496099,2.980299999999992,4.316044830113004
2.0,29.33498261111111,1,0,-78.7669495355591,42.9628888515061,0,3,0,0,0,0,0,2,0,0,2022,0.1011683219874327,-0.994869323391895,1.0,6.123233995736766e-17,-0.730835964278124,0.6825531432186541,0.9911528310040072,-0.1327255272837218,0,0,0,1,0,0,0,0,0,0,0,1,0,0,0,0,rear end,collision with motor vehicle,none,erie,amherst,1.1166666666666667,1.069379491,1.8042333333333358,1.6874106218750078
1.0,43.40906344444445,4,0,-73.742382142682,42.6699295373661,0,0,0,0,0,0,0,1,0,1,2022,-0.9377521321470804,0.3473052528448203,0.8660254037844386,0.5000000000000001,-0.6310879443260528,-0.7757112907044198,0.7865515558026426,-0.6175246149461918,0,0,0,0,0,0,1,0,0,0,0,0,0,0,0,1,other,collision with guide rail,none,albany,albany,1.1,2.400977544,1.249516666666668,2.666553994883979
1.0,40.768231500000006,5,1,-73.7898966277805,42.6848627824325,0,0,0,0,0,0,0,1,0,0,2022,-0.3943558551133187,0.9189578116202306,0.4999999999999999,0.8660254037844387,-0.3984010898462415,-0.9172113015054528,-0.9574220383620052,0.2886919473396213,0,0,0,0,0,0,1,0,0,0,0,0,0,0,0,1,other,collision with other barrier,none,albany,albany,1.2,2.505989243,1.261416666666672,2.5700140680980015
1.0,37.3009745,6,1,-73.4714170118253,44.7101522116965,0,0,0,0,0,0,0,1,0,1,2022,0.3943558551133185,0.9189578116202306,0.4999999999999999,0.8660254037844387,-0.6310879443260528,-0.7757112907044198,-0.5963673585385014,0.8027116379309637,0,0,0,0,0,0,1,0,0,0,0,0,0,0,0,1,other,collision with guide rail,none,clinton,plattsburgh,3.5,4.593174432,2.148733333333326,3.9800185779909834
4.0,5.50535788888889,3,0,-78.7912285445908,42.8671044287839,0,3,1,0,0,0,0,1,0,0,2021,-0.9987165071710528,-0.0506491688387135,-1.0,-1.8369701987210294e-16,0.9976687691905392,-0.0682424133646708,-0.3641605752528223,-0.9313361774523384,0,0,1,0,0,0,0,0,1,1,1,0,0,1,0,0,other,collision with guide rail,none,erie,west seneca,4.35,0.442416152,4.613550000000004,1.6734129973580023
1.0,44.43432761111111,4,0,-73.7619140076569,42.7655740766339,0,0,0,0,0,0,0,1,0,1,2022,0.72479278722912,0.6889669190756866,0.8660254037844386,0.5000000000000001,0.8169698930104421,-0.5766803221148671,-0.4610925014493259,-0.8873520750565715,0,0,0,0,0,0,1,0,0,0,0,0,0,0,1,0,other,collision with earth element rock cut ditch,none,albany,colonie,2.1333333333333333,4.985880904,1.609300000000009,3.6468711377120213
1.0,39.370144,5,1,-76.1637644150961,43.0663611069429,0,0,0,0,0,0,0,2,1,0,2022,0.6513724827222223,-0.758758122692791,1.0,6.123233995736766e-17,0.1361666490962471,-0.9906859460363306,-0.752570769856139,0.6585113790650381,0,0,0,0,0,0,1,0,0,0,0,1,0,0,0,0,overtaking,collision with motor vehicle,none,onondaga,syracuse,1.2833333333333334,2.662574735,1.532816666666671,2.59217091521602
1.0,36.95921977777778,4,0,-73.7150084981891,42.68919083233,1,0,0,0,1,1,0,2,0,0,2022,-0.9377521321470804,0.3473052528448203,0.8660254037844386,0.5000000000000001,-0.6310879443260528,-0.7757112907044198,0.2113826236296243,0.9774033898178668,0,0,0,0,0,0,1,0,0,0,0,0,0,0,0,1,overtaking,collision with motor vehicle,none,albany,menands,1.25,1.942405746,1.6620499999999991,2.5432621824349755
1.0,46.739618555555566,5,1,-76.8860052040607,42.1548702586908,0,0,0,0,0,0,0,1,0,0,2022,0.6513724827222223,-0.758758122692791,1.0,6.123233995736766e-17,-0.3984010898462415,-0.9172113015054528,0.9996456111234526,-0.0266205214377746,0,0,0,0,0,0,1,0,0,0,0,0,0,0,0,1,other,collision with guiderail end,none,chemung,big flats,1.3833333333333333,3.340490496,1.8176333333333217,3.674868872230013